Job Title,Salary Estimate,Job Description,Rating,Company Name,Location,Size,Founded,Type of ownership,Industry,Sector,Revenue,min_salary,max_salary,average-salary,currency,company_txt,age,python_yn,data,analysis
Data Scientist,"₹417K-₹1,000K (Glassdoor Est.)","If you are a data junkie who would like to wrangle through huge data sets of usage, stats, clickstreams, free text feedbacks and more to predict the user experience, adoption and retention. You like to solve complex and challenging problems and articulate the results in a lucid manner. Then we’ve got the problem for you and the data to solve it.

In your role as data scientist you will :
Select features, building and optimizing classifiers using machine learning techniques
Build statistical/machine learning models to extract insights
Create automated anomaly detection systems and constant tracking of its performance
Collaborate with subject matter experts to determine relevant data sources
Communicate the insights/recommendations to a wide spectrum of stake holder
Act as a mentor to guide/train less experienced folks
Desired Skills and experience:
B.E/Masters in Computer science/Statistics or equivalent
At least 5 years of experience in predictive modelling, strong knowledge of machine learning algorithms.
Strong in R,Python (numpy, scipy etc)
Very strong SQL and data visualization
Exposure to Big Data platforms such as Spark, Mahout, Scala, AWS machine learning is a plus
Great communications skills
Verizon recently acquired BlueJeans and plans to integrate BlueJeans employees into Verizon, including its compensation and benefits programs, in due course. This position will be part of that planned integration.",3.1,"BlueJeans
3.1",Bangalore,201 to 500 Employees,2009,Company - Private,Enterprise Software & Network Solutions,Information Technology,Unknown / Non-Applicable,417,1000,708.5,LAKh,BlueJeans,11,0,0,0
Data Scientist,₹698K-₹960K (Glassdoor Est.),"Relocation Assistance Offered Within Country
# 93100 - Mumbai, Maharashtra, India

What is the PURPOSE of your role?

This role is encouraged to apply strong expertise in artificial intelligence through use of machine learning, data mining, and information retrieval to design, prototype and build next generation sophisticated analytics engines and services. This role will work to define the technical problem statement and hypothesis to test; develop efficient and accurate analytical models that mimic business decisions and incorporate them into analytical data products or tools with the support of a multi-functional team.

Core responsibilities of this role
To Work with translators to identify business problems that can be addressed by analytics
Participates in diagnostic & use case roadmap creation
Optimally communicate the analytics approach and how it will meet and address objectives to business partners
Advocate and educate on the value of data driven decision making focusing on the “how and why” of solving problems
Defines data lifecycles, including data sources, frequency and process for ongoing model upgrades
Collaborates with the team to shape use cases and guide them towards defining data standards and identifying new data sources
Integrating work into applications and tools with data engineers, business leads, analysts and developers
Create repeatable, interpretable, dynamic and scalable models that are seamlessly incorporated into analytic data products
Engineer features by using your business acuity that will improve analytical models and are easy to interpret
Explains principles and approaches to senior management in a non-technical manner
Demonstrated ability to plan model upgrades with takeaways from field
Takes an active role in crafting analytical (e.g., code libraries) and data (e.g., external or partnership based data) assets
What expertise are we looking for?
Must have
Academics: Bachelor’s in Data Science, Computer Science, Engineering, Statistics
Prior Experience:
Minimum 2+ years’ experience in programming Languages - Python and/or R
Must have experience in running use cases in the sales analytics/ eCommerce domain

Technology Expertise
We need SQL implementations (PostgreSQL, MySQL, Oracle, DB2)
We need basic proficiency on ML techniques - clustering, decision tree learning, naïve Bayes, support vector machines, Q-learning, temporal difference, adversarial networks, and neural networks
Basic proficiency of data visualization techniques & tools - Visualizing sophisticated insights using Plotly, matplotlib, ggplot2, etc.; experience with dash boarding tools desired (e.g., Shiny, Dash, Tableau)
Should have some familiarity with data engineering tools & techniques.
To build data pipeline on GCP
Frameworks including TensorFlow, Theano, CNTK, scikit-learn, Caffe, Keras, Spark MLlib
Statistical Tools & Concepts:
Good understanding of statistical concepts including descriptive analysis, experimental design, Bayesian statistics, sub-setting, and regression.
Data mining techniques including generalized linear model/regression, random forest, boosting, trees, text mining, social network analysis, dimensionality reduction algorithms

Equal Opportunity Employer
Colgate is an equal opportunity employer and all qualified applicants will receive consideration for employment without regard to race, color, religion, gender, gender identity, sexual orientation, national origin, ethnicity, age, disability, marital status, veteran status (United States positions), or any other characteristic protected by law.
Are you interested in working for Colgate-Palmolive? You can apply online and attach all relevant documents such as a cover letter and resume or CV. Applications received by e-mail are not considered in the selection process. Become part of our team. We look forward to your application.
Colgate-Palmolive is a leading global consumer products company, tightly focused on Oral Care, Personal Care, Home Care and Pet Nutrition. Colgate sells its products in over 200 countries and territories around the world under such internationally recognized brand names as Colgate, Palmolive, elmex, Tom’s of Maine, Sorriso, Speed Stick, Lady Speed Stick, Softsoap, Irish Spring, Protex, Sanex, Elta MD, PCA Skin, Ajax, Axion, Fabuloso, Soupline and Suavitel, as well as Hill’s Science Diet and Hill’s Prescription Diet.
For more information about Colgate’s global business, visit the Company’s web site at http://www.colgatepalmolive.com. To learn more about Colgate Bright Smiles, Bright Futures® oral health education program, please visit http://www.colgatebsbf.com. To learn more about Hill's and the Hill’s Food, Shelter & Love program please visit http://www.hillspet.com. To learn more about Tom’s of Maine please visit http://www.tomsofmaine.com.
Reasonable accommodation during the application process is available for persons with disabilities. Please contact Application_Accommodation@colpal.com with the subject ""Accommodation Request"" should you require accommodation.",4.2,"Colgate-Palmolive
4.2",Mumbai,10000+ Employees,1806,Company - Public,Consumer Products Manufacturing,Manufacturing,$10+ billion (USD),698,960,829.0,LAKh,Colgate-Palmolive,214,1,0,1
Data Scientist - Technology Development,₹350K-₹679K (Glassdoor Est.),"Relocation Level: Domestic

Hiring Manager: Scott Gatzemeier

Recruiter: RAGHUNATH RAO PASUPULATY

Micron Technology’s vision is to transform how the world uses the information to enrich life, and our commitment to people, innovation, tenacity, collaboration, and customer focus allows us to fulfill our mission to be a global leader in memory and storage solutions. This means conducting business with integrity, accountability, and professionalism while supporting our global community.

Are you experienced in applying machine learning and statistical data analysis techniques to extract intelligence from large data sets?

We are seeking a Data Scientist capable of using machine learning and statistical techniques to build state-of-the-art data products (predictive analytics, prescriptive solutions, decision support, and decision automation data systems) using extensive and diverse Big Data sets from our technology development and manufacturing teams.

As a Data Science Engineer at Micron, you will employ techniques and theories drawn from areas of mathematics, statistics, semiconductor physics, materials science, and information technology to uncover patterns in data from which predictive models, actionable insights, and solutions can be developed.

You will interact with experienced Data Scientists, Data Engineers, Business Areas Engineers, and UX teams to identify questions and issues for data analysis projects and improvement of existing tools. In this position, you will help develop software programs, algorithms and/or automated processes to cleanse, integrate, and evaluate large datasets from multiple disparate sources. There will be significant opportunities to perform exploratory and new solution development activities.

Qualifications:
Strong desire to grow a career as a Data Scientist in highly automated industrial manufacturing doing analysis and machine learning on terabytes and petabytes of diverse datasets.
Experience in the areas: statistical modeling, feature extraction and analysis, supervised/unsupervised/semi-supervised learning. Exposure to the semiconductor industry is a plus but not a requirement.
Ability to extract data from different databases via SQL and other query languages and applying data cleansing, outlier identification, and missing data techniques.
Strong software development skills.
Strong verbal and written communication skills.
Experience with or desire to learn:
Machine learning and other advanced analytical methods
Fluency in Python and/or R
pySpark and/or SparkR and/or SparklyR
Hadoop (Hive, Spark, HBase)
Teradata and/or another SQL databases
Tensorflow, and/or other statistical software including scripting capability for automating analyses
SSIS, ETL
Javascript, AngularJS 2.0, Tableau
Experience working with time-series data, images, semi-supervised learning, and data with frequently changing distributions is a plus
Experience working with Manufacturing Execution Systems (MES) is a plus
Existing papers from CVPR, NIPS, ICML, KDD, and other key conferences are plus, but this is not a research position
Education:


B.S. in Mathematics, Computer Science, Data Science and Physics.

M.S. or Ph.D. with specialization in Data analytics, mathematics, Physics, Statistics, computer science.

Experience:


5+ years to data science and machine learning.

Location: Hyderabad


Join an inclusive team passionate about one thing: using their expertise in the relentless pursuit of innovation for customers and partners. The solution we build helps make everything from virtual reality experiences to breakthroughs in neural networks possible. We do it all while contributing to integrity, sustainability, and giving back to our communities. Because doing so can spark the very innovation we are pursuing.

All qualified applicants will receive consideration for employment without regard to race, color, religion, sex, sexual orientation, gender identity, national origin, veteran or disability status.

Keywords: Hyderabad || Andhra Pradesh (IN-AP) || India (IN) || Technology Development || Experienced || Regular || Engineering || #LI-RR1 || Tier 4 ||",3.6,"Micron Technology
3.6",Hyderābād,10000+ Employees,1978,Company - Public,Computer Hardware & Software,Information Technology,$10+ billion (USD),350,679,514.5,LAKh,Micron Technology,42,1,0,1
Senior / Data Science Engineer,"₹490K-₹1,094K (Glassdoor Est.)","Gainsight™ is a venture-backed, fast-growing tech company revolutionizing Customer Success for businesses. The Customer Success company helps businesses grow faster by reducing churn, increasing upsell, and driving customer advocacy. Gainsight provides a complete, end-to-end Customer Success solution through its services and technology. The industry-leading platform helps companies manage customer relationships effectively, track customer health, and transform the way organizations orient around the customer. Gainsight is the platform of choice for many leading companies like Box, Adobe, and Workday. The company has been recognized as one of the top 100 private cloud companies in the world by Forbes, one of the fastest-growing private companies in America by Inc. Magazine, and as one of 20 Great Workplaces in Tech by Fortune Magazine. Gainsight's CEO, Nick Mehta, has been recognized as one of the Top SaaS CEOs in America. The company has offices in California, Phoenix, St. Louis, London, Israel, and India.

About The Job Role

Experience : 2-6 years


Gainsight is building a world-class team of Engineers with a mandate to architect, design, build, scale, and maintain our cutting-edge customer intelligence repository and to apply 'predictive analytics' techniques to mine the data and discover data patterns & drive insights. If you are a great Java developer (or for that matter in any major programming languages) with experience in building scalable SaaS web applications and looking for an opportunity in building world-class products using cutting edge technologies, please read on -

What You'll Do Here
Provide end to end machine learning support for products
Experiment with machine learning models to meet the necessary product requirements
Be active part of the development of end to end ML engineering flow including data download, model training, scoring, monitoring and evaluation
Collaborate with other product teams and participate in the integration efforts
Monitor the model performance in production and work on creation of necessary dashboards
Work with the team in the development of the common engineering features required to provide ML support to multiple products in the company
Be responsible for and work to resolve any bugs related to the the ML areas of the
What We Are Looking For
Strong knowledge of various data mining techniques and their application to different problem areas like forecasting, segmentation, churn prediction
Strong knowledge of Natural Language Processing and working experience in solving use-cases like sentiment analysis, text summarization and topic extraction
Proficiency in databases (SQL/Redis/Mongo)
Strong coding knowledge with experience in python
Exposure to product engineering and some experience in software development
Why You'll Love It Here
Our Attitude: We've created a new industry from scratch, and we're on the fast track!
Our Leadership: We offer the leading tech solution for driving Customer Success.
Our ROI: Reduce customer churn, increase up-sell, and improve customer satisfaction.
Our Technology: Deep Salesforce.com hooks, predictive analytics, and highly scalable product with a beautiful user interface.
Our Impact: We help our customers make millions of dollars more per year.
Our Clients: Big companies like Box, Adobe, Marketo, and many others.
Our Team: Tech all-stars from Facebook, Box, and others (and top consulting firms like BCG and McKinsey!).
Our Values: They are unique - Golden Rule, Success for All, Childlike Joy, Shoshin, and Stay Thirsty, My Friends
Our Office: If you showed up one day, you might find anything from karaoke performances to mini-golf championships.
Here are our 5 core values
Golden Rule: We believe in trusting each other, and our community by exercising reliability.
Success for All: We believe that success for our stakeholders comes with making a difference in each other's lives.
Child-like Joy: We aspire to experience passion, optimism, and laughter in everything we do.
Shoshin: We believe in a beginner's mind, and that learning comes from everywhere.
Stay Thirsty, My Friends: We believe in an internally-driven strive for greatness.
Individuals seeking employment at Gainsight are considered without regard to race, color, religion, national origin, age, sex, marital status, ancestry, physical or mental disability, veteran status, gender identity, or sexual orientation.",4.2,"Gainsight
4.2",Hyderābād,501 to 1000 Employees,2009,Company - Private,Enterprise Software & Network Solutions,Information Technology,Unknown / Non-Applicable,490,1094,792.0,LAKh,Gainsight,11,1,0,1
Business Analyst - Data Science,₹479K-₹700K (Glassdoor Est.),"With a startup spirit and 90,000+ curious and courageous minds, we have the expertise to go deep with the world’s biggest brands—and we have fun doing it. Now, we’re calling all you rule-breakers and risk-takers who see the world differently, and are bold enough to reinvent it. Come, transform with us.
Are you the one we are looking for?
We are inviting applications for the role of BA, Data Science
In this role, you will be responsible to demonstrate innovation and intuition in identifying areas requiring operational adaptation and/or improvement Active user of Internet and online applications.
Responsibilities
Collaborate with multiple business functions to identify their priorities and help clients make appropriate strategic decisions aligned with the business plan for the year.
Analyze functional requirements of clients to build models using Python/R and make data-driven & important metric focused recommendations.
Organize / actively engaged in workshops, recurring meetings with the key partners to drive Inventory reduction opportunities.
Document the end to end process, project scope, requirements to prepare a detailed project with timelines & deliverables during each time period.
Design & consistently monitor business important metrics report it out to partner and participate / support executive governance meetings with all information & data.
Qualifications we seek in you!
Minimum qualifications
Graduate(BE)
Experience in Python/R and basics SAP Knowledge.
Preferred qualifications
Experience in data mining, analysis and reporting.
Analytical/ Problem Solving attitude with superb communication & interpersonal skills
Customer centric approach Proven proficiency with written and oral English language
Strong attention to detail.
Genpact is an Equal Opportunity Employer and considers applicants for all positions without regard to race, color, religion or belief, sex, age, national origin, citizenship status, marital status, military/veteran status, genetic information, sexual orientation, gender identity, physical or mental disability or any other characteristic protected by applicable laws. Genpact is committed to creating a dynamic work environment that values diversity and inclusion, respect and integrity, customer focus, and innovation. For more information, visit www.genpact.com. Follow us on Twitter, Facebook, LinkedIn, and YouTube.",3.8,"Genpact
3.8",Bangalore,10000+ Employees,1997,Company - Public,IT Services,Information Technology,$2 to $5 billion (USD),479,700,589.5,LAKh,Genpact,23,1,0,1
Data Scientist,₹480K-₹720K (Glassdoor Est.),"Location


Pune

Office Address

Project Description


Client is establishing a centralized team to develop digital transformation products and services. This role would be part of associated projects contributing towards development of such products or services

Responsibilities

Data Scientists to support the analysis of the data and the preparation of additional big data and data
analysis technologies like data modelling, wrangling, pipelines, implementation or building machine learning models
Review and IT testing of methodology to match clients via name matching
Mandatory experience in one or more of following-
a. Data modelling, wrangling, pipelines implementation or building machine learning models
b. Machine learning/Natural Language processing related projects
b. Familiarity with assembling and analyzing data sets from disparate sources, applying quantitative methodologies, computational frameworks and systems
c. Identifying the best methodologies in analytics/Machine Learning for the specific problem to solve
d. Developing reliable, autonomous and scalable data pipelines

Skills


Must have
PySpark, Data Science, Bash-scripting, Apache Spark, R Programming Language, SQL, Python, Banking, Hadoop, HDFS
Nice to have
Agile Methodology, Java, NoSQL, Scala, DevOps, Big Data

Languages


English: A1 Beginner

Relocation package


If needed, we can help you with relocation process. Click here for more details: see more details

Work Type

Data Science

Ref Number

VR-53471",4.2,"Luxoft
4.2",Pune,10000+ Employees,2000,Company - Public,IT Services,Information Technology,Unknown / Non-Applicable,480,720,600.0,LAKh,Luxoft,20,1,0,1
Data Scientist,₹290K-₹774K (Glassdoor Est.),"What you’ll be doing...

At BlueJeans, we’re transforming the way people meet by creating a human connection in every experience. Together, we’re bringing video to everyone, regardless of location or device, including mobile, desktop, or room systems. We work with thousands of companies worldwide to upgrade everyday meetings, large-scale events, and social network broadcasts by replacing traditional web conferencing with face-to-face video communication. All our customers have one trait in common: they understand the benefits to bringing their employees, leaders, and partners closer together. Since 2009, we have raised $175M in funding led by Accel Partners, Battery Ventures, NEA, and Norwest Venture Partners.

If you are a data junkie who would like to wrangle through huge data sets of usage, stats, clickstreams, free text feedbacks and more to predict the user experience, adoption and retention. You like to solve complex and challenging problems and articulate the results in a lucid manner. Then we’ve got the problem for you and the data to solve it.

In your role as data scientist you will :
Select features, building and optimizing classifiers using machine learning techniques
Build statistical/machine learning models to extract insights
Create automated anomaly detection systems and constant tracking of its performance
Collaborate with subject matter experts to determine relevant data sources
Communicate the insights/recommendations to a wide spectrum of stake holder
Act as a mentor to guide/train less experienced folks
What we’re looking for...
A degreein Computer science/Statistics or equivalent
At least 5 years of experience in predictive modelling, strong knowledge of machine learning algorithms.
Strong in R,Python (numpy, scipy etc)
Very strong SQL and data visualization
Exposure to Big Data platforms such as Spark, Mahout, Scala, AWS machine learning is a plus
Great communications skills
Verizon recently acquired BlueJeans and plans to integrate BlueJeans employees into Verizon, including its compensation and benefits programs, in due course. This position will be part of that planned integration

When you join Verizon

Verizon is a leading provider of technology, communications, information and entertainment products, transforming the way we connect across the globe. We’re a diverse network of people driven by our ambition and united in our shared purpose to shape a better future. Here, we have the ability to learn and grow at the speed of technology, and the space to create within every role. Together, we are moving the world forward – and you can too. Dream it. Build it. Do it here.

Diversity and Inclusion at Verizon

At Verizon, we know that diversity makes us stronger. We are committed to a collaborative, inclusive environment that encourages authenticity and fosters a sense of belonging. We strive for everyone to feel valued, connected, and empowered to reach their potential and contribute their best. Check out our diversity and inclusion page to learn more.",3.9,"Verizon
3.9",Bangalore,10000+ Employees,2000,Company - Public,Telecommunications Services,Telecommunications,$10+ billion (USD),290,774,532.0,LAKh,Verizon,20,0,0,0
SSE – Machine Learning Engineer,₹498K-₹730K (Glassdoor Est.),"Full Time
Bengaluru
Posted 2 months ago

Website
wibmopay Wibmo

About the Company

Wibmo is a US-based leading provider of cashless payments and payment security solutions to banks, merchants, and consumers in emerging markets including India. The company based in Cupertino, CA and Bengaluru India, processes billions of transactions and delivers high availability digital payment services to banks, merchants, and consumers.

With services in over 20 countries and recently acquired by PayU, the fintech-arm of Naspers (www.naspers.com), Wibmo is focused on delivering state-of-the-art digital payment solutions around the world.

With a strong innovative solutions culture, the rapidly growing company is emerging as a leading provider of digital payment solutions and services and seeks highly motivated, self-directed individuals to join the organization in various roles.

Responsibilities:
Develop creative solutions and work in R&D mode to come up with technical solutions
Promote high quality, scalability, and timely completion of projects
Apply an agile approach to coordinate the development, determine project scope and limitations
Study and transform data science prototypes
Design machine learning system
Research and implement appropriate ML algorithms and tools
Develop machine learning applications according to the requirements
Select appropriate datasets and data representation methods
Run machine learning tests and experiments
Perform statistical analysis and fine-tuning using test results
Train and retrain systems when necessary
Extend existing ML libraries and frameworks
Keep abreast of developments in the field
Required skills:
Proven experience as a Machine Learning Engineer or a similar role
Understanding of data structures, data modelling and software architecture
Deep knowledge of math, probability, statistics and algorithms
Ability to write robust code in Python, Java and R
Must Have –
Panda, NumPy, Matplot, Seaborn, Scikit
Algorithm –
Regression
Classification
Clustering
Tensorflow 2.0
Convolutional Neural Networks (CNN)
Artificial Neural Networks (ANN)
Good to Have – Natural Language Processing
Excellent communication skills
Ability to work in a team
Outstanding analytical and problem-solving skills
Qualification:
Bachelor’s degree in Engineering, CS or equivalent experience
Strong Programming skills
Reports to: Manager – Engineering – Software

To apply for this job email your details to talent@wibmo.com",2.9,"Wibmo
2.9",Bangalore,501 to 1000 Employees,1999,Company - Private,Computer Hardware & Software,Information Technology,Unknown / Non-Applicable,498,730,614.0,LAKh,Wibmo,21,1,0,1
Data Scientist I,₹437K-₹574K (Glassdoor Est.),"26-Nov-2020

Job ID
305226BR
{""QuestionName"":""Job Description"",""AnswerValue"":""20+ brands catering to 50+ disease areas! The team of Novartis specialists within Insights & Analytics are on a data and digital transformation journey, leveraging analytics to generate actionable insights for Novartis medicines impacting more than 500 million patients worldwide. The team is poised to enable easier, faster and reliable decisions for Novartis divisions across the globe.

• Work on a variety of business applications including but not limited to: Customer Segmenta-tion & Targeting, Event Prediction, Propensity Modelling, Churn Modelling, Customer Lifetime Value Estimation, Forecasting, Recommender Systems, Modelling Response to Incentives, Mar-keting Mix Optimization, Price Optimization
• Develop automation for repeatedly refreshing analysis and generating insights Modelling Re-sponse to Incentives, Marketing Mix Optimization, Price Optimization
• Collaborates with globally dispersed internal stakeholders and cross-functional teams to solve critical business problems and deliver successfully on high visibility strategic initiatives
• Understands life science data sources including sales, contracting, promotions, social media, patient claims and Real World Evidence
• Quickly learns the use of tools, data sources and analytical techniques needed to answer a wide range of critical business questions
• Articulates solutions/recommendations to business users. Works with senior data science team member to present analytical content concisely and effectively
• Project manages own tasks and works with allied team members; plans proactively, antici-pates and actively manages change, sets stakeholder expectations as required, identifies oper-ational risks and independently drives issues to resolution, minimizes surprise escalations
• Independently identifies research articles and reproduce/apply methodology to Novartis busi-ness problems

Position Title
Data Scientist I",4.1,"Novartis
4.1",Hyderābād,10000+ Employees,1996,Company - Public,Biotech & Pharmaceuticals,Biotech & Pharmaceuticals,$10+ billion (USD),437,574,505.5,LAKh,Novartis,24,1,0,1
Junior Data Analyst,₹336K-₹412K (Glassdoor Est.),"Role: Junior Data Analyst

Location: Gurgaon, India

GroundTruth is the leading global location platform that leverages data and insights to drive business performance. Using its proprietary Blueprints technology, GroundTruth is able to learn about mobile users and reach them at the right place and right time, ultimately helping companies make smarter marketing decisions, increase sales, and grow their businesses. Since its foundation in 2009, GroundTruth has launched several innovative products and won numerous awards, including Inc. 5000s Fast Growing Private Companies and Deloitte's Fast 500 Technology companies. Today, we're proud to employ over 400 employees across three continents and serve millions of marketers across 21 countries. Learn more: www.groundtruth.com

This will be an exciting and challenging role that will enable you to work with very large data sets, expose you to cutting edge analysis techniques, work with the latest components in cloud architecture and gain experience in the usage of location data to drive businesses. As an early member you will have significant opportunities for growth within the organization. A successful applicant will be passionate about technology and developing a deep understanding of human behavior in the real world. They would also have excellent communication skills, be able to synthesize and present complex information and be a fast learner.

You will:

• Learn about location-driven marketing and how companies are using location signals to drive their business

• Work closely with marketing, growth strategy and sales teams based out of our offices in USA, UK, Germany

• Develop re-usable tools and templates to quickly create data driven narratives

• Gather requirements, design analyses, identify data sources and define measurement metrics to present insights and recommendations for ready consumption

• Be responsible for managing your work pipeline and creating re-usable analysis and documentation

You have:

• BSc/B.E./BTech degree in Computer Science, Statistics, Mathematics, Economics, Physics or related fields

• 6 months - 1 year of experience in working with data and conducting statistical and/or numerical analysis

• Strong understanding of how data can be stored and accessed in different structures

• Experience with writing computer programs to solve problems

• Strong understanding of data operations such as sub-setting, sorting, merging, aggregating and CRUD operations

• Ability to write SQL code and familiarity with R/Python, Linux shell commands

• Be willing and able to quickly learn about new businesses, database technologies and analysis techniques

• Ability to tell a good story and support it with numbers and visuals

• Strong oral and written communication

•

How you can impress us:

• Experience working with large datasets

• Experience with AWS analytics infrastructure (Redshift, S3, Athena, Boto3)

• Experience building analytics applications leveraging R, Python, Tableau, Looker or other • Experience in geo-spatial analysis with POSTGIS, QGIS

We operate in a fast paced, dynamic environment where everyone on the team is committed to the success and growth of GroundTruth. Our culture is highly entrepreneurial, and our success comes from our employees who voice their opinions and ideas

to facilitate growth to our bottom line. We reward hard work, support career development, offer comprehensive benefits, and foster a fun and friendly work environment.

We are an equal opportunity employer and value diversity at our company. We do not discriminate on the basis of race, religion, color, national origin, gender, sexual orientation, age, marital status, veteran status, or disability status",3.4,"GroundTruth
3.4",Gurgaon,201 to 500 Employees,2009,Company - Private,-1,-1,Less than $1 million (USD),336,412,374.0,LAKh,GroundTruth,11,1,0,1
Applied Scientist,₹767K-₹900K (Glassdoor Est.),"Amazon MENA comprises of UAE, KSA and EGY markets. In order to create the best MENA customer experience in terms of selection, delivery experience, MENA data services team is looking for energetic individuals to come, join and work with us. We will together solve the interesting problems to launch new products and programs:

You will be expected to:
· Leverage knowledge of statistics and optimization to frame decision-making problems for MENA region
· Build statistical models required to measure the impact of each system and platform
· Predict future customer behavior and business conditions through machine learning and predictive modeling
· Use analytical and predictive techniques to build models for optimizing and target specific products
· Translate prototype models to production quality, large scale software systems
· Present proposals and results in a clear manner backed by data and coupled with actionable conclusions


Basic Qualifications

· PHD or MS in Computer Science, Machine Learning, Operational Research, Statistics or a related quantitative field
· Expert in more than one or more major programming languages (C++, Java, or similar) and at least one scripting language (Perl, Python, or similar)
· Hands-on experience in applying theoretical models in an applied environment
· Proficiency in model development, model validation and model implementation
· Work well in a fast-moving team environment and effectively deliver technical implementations having complex dependencies and requirements

Preferred Qualifications

· 2+ years of hands-on experience applying theoretical models in an applied environment
· Significant peer reviewed scientific contributions in relevant field
· Strong fundamentals in problem solving, algorithm design and complexity analysis
· Strong personal interest in learning, researching, and creating new technologies with high commercial impact
· Experience with defining organizational research and development practices in an industry setting
· Proven track in leading, mentoring and growing teams of scientists",4.3,"Amazon
4.3",Noida,10000+ Employees,1994,Company - Public,Internet,Information Technology,$10+ billion (USD),767,900,833.5,LAKh,Amazon,26,1,0,1
Assistant Manager - Data Scientist,₹552K-₹881K (Glassdoor Est.),"With a startup spirit and 90,000+ curious and courageous minds, we have the expertise to go deep with the world’s biggest brands—and we have fun doing it. Now, we’re calling all you rule-breakers and risk-takers who see the world differently, and are bold enough to reinvent it. Come, transform with us.
Are you the one we are looking for?
We are inviting applications for the role of AM, Data Scientist
This Role includes writing and testing code, debugging programs and integrating applications with third-party web services. To be successful in this role, you should have experience using server-side logic and work well in a team.
Responsibilities
To support in the marketing campaign execution journey for a leading firm to migrate and execute campaigns from leading marketing automation platform to custom build Notebook in Python
Strong technical and marketing domain acumen to understand marketing strategies and convert it into Python codes
Build complex multi-channel marketing campaigns based on business requirement
Perform data manipulation, wrangling, cleansing, and analysis and be responsible for the complex and large-scale datasets to be used for statistical modeling and data mining.
Must be proficient with tools such as Anaconda, Rstudio, Apache HTTP server, etc.
Provide support and assistance for the implementation of predictive models
Develop ETL pipelines to move data from source systems (CRM, weblogs, etc.) into data lake (HDFS, S3 etc.).
Develop processes for data preparations, modelling and mining & discover opportunities for data acquisitions
Experience in building data pipelines using different data sources
Hands on python development experience is a must
Knowledge of relational databases (preferably MS SQL Server 2008 and above, Teradata), with experience writing SQL queries and stored procedures.
Should know and understand both Supervised & Unsupervised Machine Learning algorithms and have applied them in industry scenario on at least 1 implementations
Should have good amount of data analysis experience, should know about various exploratory techniques
Very good communication skills; must be able to discuss the requirements effectively with a technical team of developers
Qualifications we seek in you
Minimum qualifications
Graduate/ Post Graduate in B.tech/MBA/MCA
Preferred qualifications
A flexible, dedicated and solution orientated approach through periods of change and disruption.
Should possess good interpersonal skills
Innovative and always looking for continuous improvement
Communicate with clients on day-to-day basis to discuss project progress
Genpact is an Equal Opportunity Employer and considers applicants for all positions without regard to race, color, religion or belief, sex, age, national origin, citizenship status, marital status, military/veteran status, genetic information, sexual orientation, gender identity, physical or mental disability or any other characteristic protected by applicable laws. Genpact is committed to creating a dynamic work environment that values diversity and inclusion, respect and integrity, customer focus, and innovation. For more information, visit www.genpact.com. Follow us on Twitter, Facebook, LinkedIn, and YouTube.",3.8,"Genpact
3.8",Bangalore,10000+ Employees,1997,Company - Public,IT Services,Information Technology,$2 to $5 billion (USD),552,881,716.5,LAKh,Genpact,23,1,0,1
Data Scientist-1,₹597K-₹763K (Glassdoor Est.),"We are looking for an analyst to develop PayPals Risk strategy within the Next-Generation Platforms & Strategic Partners portfolio. This portfolio is comprised of PayPals newest leading-edge payments solutions (including new form factors, in-store payments, and payment tokens), as well as customized experiences developed for the companys highest-priority strategic partnerships.

PayPals Next-Generation Platforms Consumer Risk team is responsible for assessing and managing buyer-side financial risk exposures for this $8 billion portfolio (including identity theft, stolen financials, account takeover, and credit risk), as well as developing and implementing the policies, treatments, and experiences related to the management of these exposures. The team is also responsible for partnering with the corresponding Business Units to align with and influence their strategic priorities, educate business partners about Risk management principles, and collaboratively optimize the Risk treatments and experiences for these unique products and partners.

Each Analyst on this team has full ownership of a portfolio of merchants and is responsible for end-to-end management of loss and decline rates. Day-to-day duties include data analysis, monitoring and forecasting, creating the logic for and implementing risk rules and strategies, providing requirements to data scientists and technology teams on attribute, model and platform requirements, and communicating with global stakeholders to ensure we deliver the best possible customer experience while meeting loss rate targets.

If youre interested in working with PayPals most interesting payments experiences then this is the right team for to join!

Job Requirements:
Strong analytical skills -- ability to build quick estimates using back-of-the-envelope analysis, structure (and, if needed, execute) more complex analyses, pull together business cases and forecasts to navigate through multi-dimensional sets of tradeoffs.
Enthusiasm for data-driven problem solving within a fast-paced environment is a must. In addition, experience with Microsoft Excel or statistical software, working knowledge of SQL or other relational database languages, and hands-on experience in data analysis involving large data sets are strongly desired.
Polished communication skills risk analysts need to collaborate cross-functionally with product managers, data scientists, business owners, and customers to learn from subject-matter experts, present findings in a clear and concise manner, and reach alignment on how to execute risk strategies.
Can-do attitude, team player, energetic personality, ability to work well under pressure in a fast-paced and constantly changing environment to meet deadlines. The successful risk analyst is a self-starter who has the resilience to learn from their mistakes and reach their true potential.
An innate intellectual curiosity, and a willingness to build awareness of current payments industry and risk management best practices. PayPal is constantly innovating by introducing new products and entering new markets, so successful risk analysts on this team must quickly get up speed on new content areas.
Bachelors degree with 4+ years of experience, MS degree with 2+ year of experience",3.8,"Paypal
3.8",Bangalore,10000+ Employees,1998,Company - Public,Internet,Information Technology,$10+ billion (USD),597,763,680.0,LAKh,Paypal,22,1,0,1
Assistant Vice President - Data Scientist,₹535K-₹735K (Glassdoor Est.),"With a startup spirit and 90,000+ curious and courageous minds, we have the expertise to go deep with the world’s biggest brands—and we have fun doing it. Now, we’re calling all you rule-breakers and risk-takers who see the world differently, and are bold enough to reinvent it. Come, transform with us.

Transformation happens here. Come, be a part of our exciting journey!
Are you the one we are looking for?

Inviting applications for the role of Assistant Vice President, Data Science Lead
As a Head of Data Science, you will be responsible to lead the team responsible to build and deliver ML models in the product line.
Responsibilities
As a Data Science Lead, your responsibilities include –
Understand the business requirements and priorities and work with businesses to identify high-impact and feasible roadmap areas for the team from time to time.
Own and deliver the data science team, and be in charge of the estimation and planning done by the team making sure that the dependencies are supervised accurately and results are produced in an efficient and timely manner. Also, take care of regular feedback and performance appraisals.
Act as a technical guide to the team helping them in translating the business problems to the most appropriate mix of specific machine learning or data analysis tasks. Also, be a mentor to the team members helping them with career planning and growth.
Act as an evangelist of standard methodologies and the right tools in AI/ML. Proactively build a phenomenal working environment where each individual brings out the best they can offer.
Whenever a new opportunity comes, proactively do talent planning and drive the hiring activities.
Qualifications
Minimum Qualifications
Bachelor’s or Master’s degree in Math, Statistics, Computer Science, Physics, or such quantitative fields.
Meaningful experience related to data science.
Proficient in at least one programming language commonly used for data analysis (like R/Python), SQL.
Preferred qualifications
Masters or Doctorate in a relevant domain.
Previously worked on business analytics problems like customer churn, lifetime value estimation, targeted marketing, personalized offers, etc.
Experienced in crafting and analyzing A/B tests.
Genpact is an Equal Opportunity Employer and considers applicants for all positions without regard to race, color, religion or belief, sex, age, national origin, citizenship status, marital status, military/veteran status, genetic information, sexual orientation, gender identity, physical or mental disability or any other characteristic protected by applicable laws. Genpact is committed to creating a dynamic work environment that values diversity and inclusion, respect and integrity, customer focus, and innovation. For more information, visit www.genpact.com. Follow us on Twitter, Facebook, LinkedIn, and YouTube.",3.8,"Genpact
3.8",Bangalore,10000+ Employees,1997,Company - Public,IT Services,Information Technology,$2 to $5 billion (USD),535,735,635.0,LAKh,Genpact,23,1,0,1
Analytics Consultant - Supply Chain,₹600K-₹755K (Glassdoor Est.),"Job
Description

Engage with Supply Chain Leadership of Tredence’s clients to define the need for Analytics led solutions
S/he possesses an in-depth understanding of 1 or more functions in Supply chain (e.g. procurement, transportation etc.) – capable of holding an independent opinion plus holding a conversation with a Client from similar function
S/he possesses a wide exposure to functions across the supply chain: Procurement / Inbound Logistics / Production / Outbound Logistics / Retailing
The candidate should understand cause and effect that each of these functions have
S/he has in the past built repeatable tools / data-models to solve specific business problems–
Mandatorily on XL
Preferably on R/Python, SQL, Tableau etc
S/he should have hand-on experience of having worked on projects (either as a consultant or with in a company) that needed them to –
Create data-driven, analytics-based solutions; for e.g. actions based on EDA and insights, automation of insights, decision tools etc.
Worked with business teams or was a part of the team that implemented process re-engineering driven by data analytics / insights
S/he must have a solution creation mindset. Ability to design and enhance scalable algorithmic solutions to address the business need is a must have
Engage with technology teams from Tredence and Clients to create last mile connectivity of the solutions -
Should have experience of working with technology teams
A working knowledge of SCM product portfolios is ideal but not mandatory - SAP, Oracle, JDA, Llamasoft, etc.
Own project delivery by ensuring content rigor and client partnership
Create marketing assets that showcase Tredence’s capabilities in Supply Chain Analytics

Skills Required

supplychain

Role

Bachelor’s in engineering
Masters from a Tier-1 B-School or Tech School (Preferable)
At least 5 years of Supply Chain experience with either consulting or operational expertise in Supply Chain Planning, Demand Planning, Production Planning, Production scheduling, Inventory Management etc.
High proficiency on XL; R/Python, Tableau etc is preferable
Should be a good problem solver
Knowledge of O.R. techniques
Knowledge of Statistical techniques
Knowledge of BI tools
Strong Communication (Written, Oral and Presentation)

Location

Bengaluru, Karnataka, India

Education/Qualification

Degree/masters

Years Of Experience

5 to 7 Years

Designation

Analytics Consultant

Apply",3.7,"Tredence
3.7",Bangalore,501 to 1000 Employees,2013,Company - Private,Consulting,Business Services,$25 to $50 million (USD),600,755,677.5,LAKh,Tredence,7,0,0,0
Lead Data Scientist,₹528K-₹840K (Glassdoor Est.),"Who We Are
Honeywell is a Fortune 100 company with global sales surpassing $40B and has been one of Fortunes Most Admired Companies for over a decade. Through innovation, the Company brings together the physical and digital world to tackle some of the toughest societal and business problems making the world a more productive, safe, and sustainable place.
The business is organized into five primary groups: Aerospace, Buildings, Performance Materials and Technologies, Safety and Productivity Solutions, and the Connected Enterprise. Honeywell specializes in things that are critically connected - beyond smart phones and laptops, we make the kinds of connections that keep cities working, planes flying, plants running, and workers safe. Our unique capabilities, over a century in the making, bring together data, expertise, and technology to connect people, processes, and assets.
Honeywell is charging into the Industrial IoT revolution with the establishment of Honeywell Connected Enterprise (HCE), building on our heritage of invention and deep, on-the-ground industry expertise. HCE is the leading industrial disruptor, building and connecting software solutions to streamline and centralize the assets, people and processes that help our customers make smarter, more accurate business decisions. Moving at the speed of software, we are creating, innovating and delivering solutions fast, challenging the way things have always been done, piloting new ways for all of us to work, and expecting our successes to set new standards for our customers and for Honeywell.
Honeywell International is building a world thats safer and more secure, more comfortable and energy efficient, more innovative and productive. For more information, please visit Honeywell.com or follow us @HoneywellNow.
Who You Are
Were looking for a new team member who is motivated by cracking tough challenges with data, trained in problem solving, and with an unending thirst for learning.
As a Senior Data Scientist, you will join a high-performing, global team, and assist with designing, developing, and deploying data driven solutions for all Honeywell business groups and functions. You will work closely with application architects to integrate results into operational platforms, including Hadoop and NoSQL architectures.
Additionally, the Senior Data Scientist role is expected to work within Honeywell to identify opportunities for new growth and efficiencies based on data analyses both in adjacencies based on previous engagements, as well as larger industry developments.

Specific Responsibilities

Develop data modeling, mining, pattern analysis, data visualization and machine learning solutions to address customer needs
Foster relationships with business team members by being proactive, displaying a thorough understanding of the business processes and by recommending innovative solutions
Communicate project output in terms of customer value, business objectives, and product opportunity
Promote data science methods and processes across functions
Work with our businesses and infrastructure teams to develop a strategy that will clearly outline how our enterprise platforms can enable business growth & productivity

You must have:
Masters degree in Computer Science, Engineering, Applied Mathematics or related field
Minimum of 3 years of Data Science prototyping experience of physical systems
Minimum of 3 years of experience with distributed storage and compute tools (e.g. Spark)
Minimum of 1 year of experience with developing and deploying Natural Language Processing/Understanding applications
We value:
PhD degree in Computer Science, Engineering, Applied Mathematics or related field
Experience bringing prototypes to production as containerized micro-services.
Experience with Python
Experience with Streaming Analytics
Experience with Recurrent Neural Network architectures
Experience with Image Analytics
Experience with SQL
Experience with Tableau
Experience working with remote and global teams
Results driven with a positive can-do attitude.

A Job posting does not exist for this global job code, please work with your HRG to develop one
Additional Information
JOB ID: req248801
Category: Engineering
Location: HW Camp II,Bldgs 9A&9B,Plot C2,RMZ Ecoworld,Varturhobli,Sarjapur Marathahalli Outer Ring Road,Bangalore,KARNATAKA,560103,India
Exempt",3.7,"Honeywell
3.7",Bangalore,10000+ Employees,1885,Company - Public,Computer Hardware & Software,Information Technology,$10+ billion (USD),528,840,684.0,LAKh,Honeywell,135,1,0,1
Data Scientist,₹443K-₹697K (Glassdoor Est.),"Position Title
Data Scientist

12-Nov-2020

Job ID
303875BR

Job Description
Novartis Business Services IT (NBS IT) is working to support Novartis to deliver better patient outcomes through innovative use of information and technology. As technology is reshaping the healthcare industry, IT will be a differentiator for our businesses, inspiring new ideas and enabling Novartis to reimagine medicine.
To continue to add even greater value for the business we need to have the right people with the right capabilities.
We need to be customer-oriented and focus on bringing the best services and solutions to the business – both globally and locally – to support our patients.
NBS IT offers this extraordinary work experience with a real opportunity to develop in a highly fast-paced technology-driven environment where collaboration and innovation are at the heart of who we are and what we do.
Science, innovation & technology are central to the Novartis mission of caring & curing patients. We have a clear understanding and deep commitment that IT will be a critical factor in our future success.

•Collaborate in multi-functional teams to evaluate business activities, and then develop innovative and effective approaches to seek team’s analytics problems and communicate results and methodologies.
•Ability to initiate and drive projects from conception to completion with minimal direction.
•Innovates and recommends sophisticated predictive analytics, computational science, Natural Language Processing (NLP), machine learning and deep learning techniques to answer research questions and synthesize insights that achieve business objectives.
•Establishes scalable, efficient, automated solutions for large scale data analyses, model development, model validation and model implementation. Works to translate prototypes into new products, services, and features and provide guidelines for large-scale implementation.
•Ability to build and fine tune algorithms that scale up from small-scale proof-of-concept stage to full production systems.
•Build knowledge artifacts of business problems that were solved with sophisticated analytics techniques which can be published in journals. Excellent quantitative skills and the ability to tell a story using data

Minimum requirements
•PhD. or Masters from top University in Statistics, Operational Research, Computer Science or in a quantitative field.
•SQL, Python, R, Scala, Tensor Flow, Pytorch are Mandatory Qlikview/Tableau/Spotfire but not limited to these are good to have
•2+ years after PHD or 5+ years after Masters
•In predictive modeling and large data analysis
•In data querying languages (e.g. SQL), scripting languages (e.g. Python, R, Scala), or deep learning libraries (e.g. tensorflow, pytorch).
•Expertise in at-least some visualization tools such as Qlikview, Spotfire, Tableau (but not limited to these) for designing insights is good to have

Why consider Novartis?

799 million. That’s how many lives our products touch. And while we’re proud of that fact, in this world of digital and technological transformation, we must also ask ourselves this: how can we continue to improve and extend even more people’s lives?

We believe the answers are found when curious, courageous and collaborative people like you are brought together in an inspiring environment. Where you’re given opportunities to explore the power of digital and data. Where you’re empowered to risk failure by taking smart risks, and where you’re surrounded by people who share your determination to tackle the world’s toughest medical challenges.

Imagine what you could do at Novartis!

Job Type
Full Time

Country
India

Work Location
Hyderabad, AP

Functional Area
Data Science

Division
NBS

Business Unit
IT NBS

Employment Type
Regular

Company/Legal Entity
Nov Hltcr Shared Services Ind

Shift Work
No",4.1,"Novartis
4.1",Hyderābād,10000+ Employees,1996,Company - Public,Biotech & Pharmaceuticals,Biotech & Pharmaceuticals,$10+ billion (USD),443,697,570.0,LAKh,Novartis,24,1,0,1
Senior Data Scientist,₹362K-₹717K (Glassdoor Est.),"Senior Data Scientist
The Group: Morningstar’s Research group provides independent analysis on individual securities, funds, markets, and portfolios. The Research group also provides data on hundreds of thousands of investment offerings, including stocks, mutual funds, and similar vehicles, along with real-time global market data on millions of equities, indexes, futures, options, commodities, and precious metals, in addition to foreign exchange and Treasury markets. Morningstar is one of the largest independent sources of fund, equity, and credit data and research in the world, and our advocacy for investors’ interests is the foundation of our company.

The Role: As a Senior Data Scientist, you will be a leading expert and primary contributor in the implementation of Artificial Intelligence (AI) within Data Collections software applications, API’s and other data products. This role requires significant interaction with both upstream and downstream stakeholders across Technology, Data, Products, Sales/Service, and Research.

The Senior Data Scientist will transition approved Data Collections AI products from a prototype phase to a fully-fledged, scalable, and consumer service. Often, these services must be integrated into Morningstar’s platform of financial products, so that our clients can use these software tools in the investment decision-making process.

We are looking for an individual who possesses strong technical development skills, an ability to distill analyst requirements into the technical specifications for robust code, and a passion for investment research.

This position reports to the Senior Tech Manager of the Data Collection technology team.

Responsibilities:
• Design & develop enterprise solutions to be flexible, scalable & extensible.
• Improve complex data flow, data structures and db design to move to next platform.
• Be a Role Model to the team to collaborate on good object-oriented designs & domain modeling. Enforce good agile practices like test driven development, Continuous Integration.
• Build solutions that incorporate numerical techniques such as linear algebra, machine leaning, statistics, and optimization.
• Hands-on development will be an integral part of the responsibilities.
• Develop areas of continuous and automated deployment.
• Introduce and follow good development practices, innovative frameworks and technology solutions that help business move faster.
• Follow best practices like estimation, planning, reporting and improvement brought to processes in every day work.

Requirements:
• Minimum of 5 years of experience in software engineering
• An advanced degree in engineering, computer science, statistics or related field

• Expertise with either Python or Java is essential, while experience with both is desirable; other programming language skills are highly desirable. Experience with Python packages like pandas, scikit-learn, TensorFlow, numpy, NLTK is a plus.
• Basic knowledge of statistical/ML/AI algorithms
• Experience with DevOps tools (e.g. Splunk, Git, uDeploy, Jenkins, Control-M) is desirable
• Experience with Agile software engineering practices
• Experience with back-end XML, relational, and file-based databases (e.g. SQL, Postgres, Redshift, Netezza, HDFS)
• Experience developing and deploying solutions using services in the Amazon AWS ecosystem (Lambda, EC2, RDS, EMR)
• Experience with the Hadoop stack (MapReduce, Pig, Hive, Nifi, Spark) is desirable
• Experience with at least one statistical modeling language (e.g. R, MATLAB, Python)

Intermediate knowledge of statistical methods is desirable
• Familiarity with common data cleaning and munging techniques
• Familiarity with automation tools such as Puppet or Chef is a plus.
• Familiarity with data visualization is a plus (e.g. Tableau, Shiny, d3)
• Familiarity with statistical software, linear algebra, optimization, and information visualization is a plus.
• Familiarity with mutual fund, fixed income, and equity data is a plus
• Fluent in both oral and written English.

Morningstar is an equal opportunity employer.

I10_MstarIndiaPvtLtd Morningstar India Private Ltd. (Delhi) Legal Entity",4.1,"Morningstar
4.1",Mumbai,5001 to 10000 Employees,1984,Company - Public,Financial Analytics & Research,Finance,$1 to $2 billion (USD),362,717,539.5,LAKh,Morningstar,36,1,0,1
